{

    "front_left_hip_x": 0.13147859275341034,
    "front_left_hip_y": 0.71732562780380249,
    "front_left_knee": -1.4758100509643555,


    "front_right_hip_x": -0.12233595550060272,
    "front_right_hip_y": 0.713120698928833,
    "front_right_knee":  -1.4663381576538086,

    "rear_left_hip_x": 0.13989345729351044,
    "rear_left_hip_y": 0.70518350601196289,
    "rear_left_knee": -1.4591363668441772,

    "rear_right_hip_x": -0.13125386834144592,
    "rear_right_hip_y": 0.71028536558151245,
    "rear_right_knee": -1.4642336368560791,

    "arm_joint1": 0.0,
    "arm_joint2":  -3.1147828102111816,

    "arm_joint3": 3.1324067115783691,
    "arm_joint4": 1.5629473924636841,

    "arm_joint5": -0.0018755197525024414,
    "arm_joint6": -1.5670747756958008,

    "arm_joint7": -0.0042225122451782227
}