{"loop":false,
	"path":
		[
			{"R":
				[0.46918308, -0.29782616, -0.44567049,  0.70181524  ],
			"T":
				[-1.63265625, -0.7682, 0.7473],
			"aperture_size":0.0,"fov":90,
			"glow_mode":0,"glow_y_cutoff":0.0,
			"scale":4,"slice":0.0
		}
			
		],"time":0.1}