{"loop":false,
	"path":
		[
			{"R":
				[0.46918308, -0.29782616, -0.44567049,  0.70181524  ],
			"T":
				[-104.49, -49.17, 47.83],
			"aperture_size":0.0,"fov":90,
			"glow_mode":0,"glow_y_cutoff":0.0,
			"scale":6.89246129989624,"slice":0.0
		}
			
		],"time":0.1}