{"loop":false,
	"path":
		[
			{"R":
				[0.7076221 , 0.18604471, 0.13511232, 0.66813396],
			"T":
				[3.168, -5.479, -0.979],
			"aperture_size":0.0,"fov":50.625,
			"glow_mode":0,"glow_y_cutoff":0.0,
			"scale":6.89246129989624,"slice":0.0
		}
			
		],"time":0.043478261679410934}